Treatment,mse,mae,rmse
post,1184315847460.2388,877897.449249066,1088262.7658154252
pre,1557561570306.1997,976865.5772354717,1248023.064813387
