i,treatment_group,treatment_period,x_temp,pred
germany,1,0,52.6095,15925031.66974745
germany,1,1,52.6095,15244543.065411909
