Treatment,rmse
post,896523.5540525191
pre,904171.0594009823
