type,mse,mae,rmse
test,1821919324794.5896,1100149.826909931,1349784.9179756714
train,1986038281624.849,1066342.6852378116,1409268.7045502889
